{
    "name": "root",
    "metadata": {
        "timer_format_version": "0.1.0",
        "start_time_seconds": "1682504501",
        "python_version": "3.9.13 (tags/v3.9.13:6de2ca5, May 17 2022, 16:36:42) [MSC v.1929 64 bit (AMD64)]",
        "command_line_arguments": "C:\\Users\\Standard\\AppData\\Local\\Programs\\Python\\Python39\\Scripts\\mlagents-learn .\\config\\config-flappybird.yaml --run-id=FlappyBird --resume",
        "mlagents_version": "0.30.0",
        "mlagents_envs_version": "0.30.0",
        "communication_protocol_version": "1.5.0",
        "pytorch_version": "1.7.1+cu110",
        "numpy_version": "1.21.2",
        "end_time_seconds": "1682504693"
    },
    "total": 191.6192584,
    "count": 1,
    "self": 0.026685300000025336,
    "children": {
        "run_training.setup": {
            "total": 0.3723144999999981,
            "count": 1,
            "self": 0.3723144999999981
        },
        "TrainerController.start_learning": {
            "total": 191.2202586,
            "count": 1,
            "self": 0.18676270000042905,
            "children": {
                "TrainerController._reset_env": {
                    "total": 19.98174,
                    "count": 1,
                    "self": 19.98174
                },
                "TrainerController.advance": {
                    "total": 170.73760239999956,
                    "count": 3717,
                    "self": 0.1800275999997325,
                    "children": {
                        "env_step": {
                            "total": 155.6801967,
                            "count": 3717,
                            "self": 148.34980659999943,
                            "children": {
                                "SubprocessEnvManager._take_step": {
                                    "total": 7.220713700000005,
                                    "count": 3717,
                                    "self": 0.5738042999999706,
                                    "children": {
                                        "TorchPolicy.evaluate": {
                                            "total": 6.646909400000034,
                                            "count": 3717,
                                            "self": 6.646909400000034
                                        }
                                    }
                                },
                                "workers": {
                                    "total": 0.10967640000057344,
                                    "count": 3716,
                                    "self": 0.0,
                                    "children": {
                                        "worker_root": {
                                            "total": 47.16200059999999,
                                            "count": 3716,
                                            "is_parallel": true,
                                            "self": 30.69911279999975,
                                            "children": {
                                                "steps_from_proto": {
                                                    "total": 0.007585500000001133,
                                                    "count": 1,
                                                    "is_parallel": true,
                                                    "self": 0.0003640999999987571,
                                                    "children": {
                                                        "_process_rank_one_or_two_observation": {
                                                            "total": 0.007221400000002376,
                                                            "count": 2,
                                                            "is_parallel": true,
                                                            "self": 0.007221400000002376
                                                        }
                                                    }
                                                },
                                                "UnityEnvironment.step": {
                                                    "total": 16.45530230000024,
                                                    "count": 3716,
                                                    "is_parallel": true,
                                                    "self": 0.7444366000002773,
                                                    "children": {
                                                        "UnityEnvironment._generate_step_input": {
                                                            "total": 0.6212765000000182,
                                                            "count": 3716,
                                                            "is_parallel": true,
                                                            "self": 0.6212765000000182
                                                        },
                                                        "communicator.exchange": {
                                                            "total": 13.2675808999998,
                                                            "count": 3716,
                                                            "is_parallel": true,
                                                            "self": 13.2675808999998
                                                        },
                                                        "steps_from_proto": {
                                                            "total": 1.822008300000146,
                                                            "count": 3716,
                                                            "is_parallel": true,
                                                            "self": 0.9560558000000903,
                                                            "children": {
                                                                "_process_rank_one_or_two_observation": {
                                                                    "total": 0.8659525000000556,
                                                                    "count": 7432,
                                                                    "is_parallel": true,
                                                                    "self": 0.8659525000000556
                                                                }
                                                            }
                                                        }
                                                    }
                                                }
                                            }
                                        }
                                    }
                                }
                            }
                        },
                        "trainer_advance": {
                            "total": 14.87737809999981,
                            "count": 3716,
                            "self": 0.2097853999994186,
                            "children": {
                                "process_trajectory": {
                                    "total": 0.6651447000003969,
                                    "count": 3716,
                                    "self": 0.6651447000003969
                                },
                                "_update_policy": {
                                    "total": 14.002447999999994,
                                    "count": 29,
                                    "self": 1.7408843999998211,
                                    "children": {
                                        "TorchPPOOptimizer.update": {
                                            "total": 12.261563600000173,