{
    "name": "root",
    "gauges": {
        "FlappyBird.Policy.Entropy.mean": {
            "value": 1.07504141330719,
            "min": 1.0734388828277588,
            "max": 1.1706656217575073,
            "count": 10
        },
        "FlappyBird.Policy.Entropy.sum": {
            "value": 10733.2138671875,
            "min": 8530.640625,
            "max": 11425.5029296875,
            "count": 10
        },
        "FlappyBird.Step.mean": {
            "value": 369966.0,
            "min": 279966.0,
            "max": 369966.0,
            "count": 10
        },
        "FlappyBird.Step.sum": {
            "value": 369966.0,
            "min": 279966.0,
            "max": 369966.0,
            "count": 10
        },
        "FlappyBird.Policy.ExtrinsicValueEstimate.mean": {
            "value": 268.7037658691406,
            "min": 248.49929809570312,
            "max": 274.4757995605469,
            "count": 10
        },
        "FlappyBird.Policy.ExtrinsicValueEstimate.sum": {
            "value": 41917.7890625,
            "min": 28883.5859375,
            "max": 42818.2265625,
            "count": 10
        },
        "FlappyBird.Losses.PolicyLoss.mean": {
            "value": 0.2421086333138438,
            "min": 0.2418831278983805,
            "max": 0.25015097491656973,
            "count": 10
        },
        "FlappyBird.Losses.PolicyLoss.sum": {
            "value": 18.884473398479816,
            "min": 14.008454595327905,
            "max": 19.288637439975595,
            "count": 10
        },
        "FlappyBird.Losses.ValueLoss.mean": {
            "value": 221.7897936589697,
            "min": 189.66892217842602,
            "max": 627.1664184513079,
            "count": 10
        },
        "FlappyBird.Losses.ValueLoss.sum": {
            "value": 17299.603905399636,
            "min": 14794.17592991723,
            "max": 48918.98063920202,
            "count": 10
        },
        "FlappyBird.Policy.LearningRate.mean": {
            "value": 8.10156729948e-05,
            "min": 8.10156729948e-05,
            "max": 0.00013416564813527857,
            "count": 10
        },
        "FlappyBird.Policy.LearningRate.sum": {
            "value": 0.006319222493594399,
            "min": 0.006319222493594399,
            "max": 0.010064297045235801,
            "count": 10
        },
        "FlappyBird.Policy.Epsilon.mean": {
            "value": 0.1270052,
            "min": 0.1270052,
            "max": 0.14472186428571435,
            "count": 10
        },
        "FlappyBird.Policy.Epsilon.sum": {
            "value": 9.906405600000001,
            "min": 8.104424400000003,
            "max": 11.154764200000002,
            "count": 10
        },
        "FlappyBird.Policy.Beta.mean": {
            "value": 0.0005000000000000001,
            "min": 0.0005,
            "max": 0.0005000000000000001,
            "count": 10
        },
        "FlappyBird.Policy.Beta.sum": {
            "value": 0.03900000000000001,
            "min": 0.028,
            "max": 0.03950000000000001,
            "count": 10
        },
        "FlappyBird.Environment.EpisodeLength.mean": {
            "value": 10455.5,
            "min": 1240.0,
            "max": 11819.0,
            "count": 6
        },
        "FlappyBird.Environment.EpisodeLength.sum": {
            "value": 20911.0,
            "min": 6200.0,
            "max": 20911.0,
            "count": 6
        },
        "FlappyBird.Environment.CumulativeReward.mean": {
            "value": 28578.26450252533,
            "min": 3483.8379878997803,
            "max": 31091.052112579346,
            "count": 6
        },
        "FlappyBird.Environment.CumulativeReward.sum": {
            "value": 57156.52900505066,
            "min": 17419.1899394989,
            "max": 57156.52900505066,
            "count": 6
        },
        "FlappyBird.Policy.ExtrinsicReward.mean": {
            "value": 28578.26450252533,
            "min": 3483.8379878997803,
            "max": 31091.052112579346,
            "count": 6
        },
        "FlappyBird.Policy.ExtrinsicReward.sum": {
            "value": 57156.52900505066,
            "min": 17419.1899394989,
            "max": 57156.52900505066,
            "count": 6
        },
        "FlappyBird.IsTraining.mean": {
            "value": 1.0,
            "min": 1.0,
            "max": 1.0,
            "count": 10
        },
        "FlappyBird.IsTraining.sum": {
            "value": 1.0,
            "min": 1.0,
            "max": 1.0,
            "count": 10
        }
    },
    "metadata": {
        "timer_format_version": "0.1.0",
        "start_time_seconds": "1687685524",
        "python_version": "3.9.17 (main, Jun 24 2023, 22:43:02) \n[GCC 13.1.1 20230614 (Red Hat 13.1.1-4)]",
        "command_line_arguments": "/home/user/.local/bin/mlagents-learn config/config-flappybird.yaml --run-id=FlappyBird --resume",
        "mlagents_version": "0.30.0",
        "mlagents_envs_version": "0.30.0",
        "communication_protocol_version": "1.5.0",
        "pytorch_version": "1.11.0+cu102",
        "numpy_version": "1.21.2",
        "end_time_seconds": "1687686118"
    },
    "total": 594.041871249,
    "count": 1,
    "self": 0.004981771000075241,
    "children": {
        "run_training.setup": {
            "total": 0.021946510999896418,
            "count": 1,
            "self": 0.021946510999896418
        },
        "TrainerController.start_learning": {
            "total": 594.014942967,
            "count": 1,
            "self": 2.0882343489302,
            "children": {
                "TrainerController._reset_env": {
                    "total": 7.256671955000002,
                    "count": 1,
                    "self": 7.256671955000002
                },
                "TrainerController.advance": {
                    "total": 584.58309594707,
                    "count": 99517,
                    "self": 2.1206062058922726,
                    "children": {
                        "env_step": {
                            "total": 469.47060640206837,
                            "count": 99517,
                            "self": 400.70787505005046,
                            "children": {
                                "SubprocessEnvManager._take_step": {
                                    "total": 67.45604696099235,
                                    "count": 99517,
                                    "self": 6.093382881088473,
                                    "children": {
                                        "TorchPolicy.evaluate": {
                                            "total": 61.36266407990388,
                                            "count": 99517,
                                            "self": 61.36266407990388
                                        }
                                    }
                                },
                                "workers": {
                                    "total": 1.3066843910255557,
                                    "count": 99516,
                                    "self": 0.0,
                                    "children": {
                                        "worker_root": {
                                            "total": 530.902232814984,
                                            "count": 99516,
                                            "is_parallel": true,
                                            "self": 278.1279947359417,
                                            "children": {
                                                "run_training.setup": {
                                                    "total": 0.0,
                                                    "count": 0,
                                                    "is_parallel": true,
                                                    "self": 0.0,